Nama_Pengirim,Warga_ID
Andi Adi Hakim,0
Andi Ayu Saputra,1
Andi Mahendra Fitriani,2
Andi Mahendra Hakim,3
Andi Nur Wijaya,4
Andi Pratama Maulana,5
Andi Ramadhan Fitriani,6
Andi Ramadhan Hakim,7
Andi Ramadhan Kurniawan,8
Aulia Adi Wijaya,9
Aulia Ayu Suryani,10
Aulia Dwi Maulana,11
Aulia Mahendra Hakim,12
Aulia Mahendra Wijaya,13
Aulia Nur Kurniawan,14
Aulia Pratama Kurniawan,15
Aulia Pratama Maulana,16
Aulia Putra Hakim,17
Aulia Putra Suryani,18
Aulia Putri Saputra,19
Aulia Putri Wibowo,20
Aulia Ramadhan Kurniawan,21
Aulia Setia Wibowo,22
Aulia Syah Suryani,23
Budi Adi Hakim,24
Budi Mahendra Permata,25
Budi Pratama Permata,26
Budi Pratama Santoso,27
Budi Putra Wibowo,28
Budi Putri Suryani,29
Budi Ramadhan Hakim,30
Budi Ramadhan Kurniawan,31
Budi Setia Maulana,32
Budi Setia Permata,33
Budi Setia Saputra,34
Budi Syah Kurniawan,35
Dimas Dwi Santoso,36
Dimas Mahendra Suryani,37
Dimas Pratama Kurniawan,38
Dimas Putri Suryani,39
Dimas Setia Wibowo,40
Farhan Atta Suryani,41
Farhan Dwi Fitriani,42
Farhan Dwi Kurniawan,43
Farhan Dwi Permata,44
Farhan Dwi Wijaya,45
Farhan Putra Saputra,46
Farhan Syah Maulana,47
Farhan Tri Hakim,48
Farhan Tri Wijaya,49
Fauzan Ayu Santoso,50
Fauzan Mahendra Maulana,51
Fauzan Syah Hakim,52
Fauzan Tri Saputra,53
Fikri Adi Saputra,54
Fikri Atta Hakim,55
Fikri Atta Santoso,56
Fikri Ayu Saputra,57
Fikri Dwi Fitriani,58
Fikri Dwi Permata,59
Fikri Dwi Santoso,60
Fikri Nur Permata,61
Fikri Nur Saputra,62
Fikri Putri Maulana,63
Fikri Putri Santoso,64
Fikri Ramadhan Fitriani,65
Fikri Ramadhan Permata,66
Fikri Setia Fitriani,67
Fikri Syah Suryani,68
Hafiz Atta Wijaya,69
Hafiz Mahendra Saputra,70
Hafiz Nur Hakim,71
Hafiz Nur Permata,72
Hafiz Pratama Saputra,73
Hafiz Putra Saputra,74
Hafiz Putra Suryani,75
Irsyad Adi Maulana,76
Irsyad Mahendra Permata,77
Irsyad Nur Santoso,78
Irsyad Putri Fitriani,79
Irsyad Putri Wibowo,80
Irsyad Ramadhan Fitriani,81
Irsyad Tri Suryani,82
Lestari Adi Santoso,83
Lestari Dwi Maulana,84
Lestari Nur Saputra,85
Lestari Pratama Kurniawan,86
Lestari Pratama Saputra,87
Lestari Pratama Wijaya,88
Lestari Putra Permata,89
Lestari Putra Santoso,90
Lestari Putri Maulana,91
Lestari Ramadhan Saputra,92
Lestari Tri Permata,93
Lestari Tri Wijaya,94
Nabila Adi Permata,95
Nabila Atta Maulana,96
Nabila Atta Permata,97
Nabila Nur Wijaya,98
Nabila Pratama Hakim,99
Nabila Pratama Wibowo,100
Nabila Putri Maulana,101
Nabila Putri Saputra,102
Nabila Ramadhan Permata,103
Nabila Syah Wibowo,104
Nabila Tri Wijaya,105
Putri Adi Wijaya,106
Putri Atta Fitriani,107
Putri Ayu Santoso,108
Putri Ayu Saputra,109
Putri Ayu Wijaya,110
Putri Dwi Saputra,111
Putri Putra Kurniawan,112
Putri Ramadhan Kurniawan,113
Putri Setia Santoso,114
Putri Tri Wibowo,115
Reza Atta Santoso,116
Reza Dwi Permata,117
Reza Mahendra Hakim,118
Reza Mahendra Wijaya,119
Reza Nur Kurniawan,120
Reza Nur Suryani,121
Reza Pratama Fitriani,122
Rizky Adi Maulana,123
Rizky Adi Permata,124
Rizky Ayu Suryani,125
Rizky Dwi Wijaya,126
Rizky Mahendra Permata,127
Rizky Nur Fitriani,128
Rizky Putri Fitriani,129
Rizky Ramadhan Permata,130
Rizky Ramadhan Wibowo,131
Rizky Setia Wijaya,132
Rizky Syah Kurniawan,133
Sari Adi Fitriani,134
Sari Dwi Santoso,135
Sari Mahendra Fitriani,136
Sari Mahendra Saputra,137
Sari Mahendra Wibowo,138
Sari Nur Hakim,139
Sari Nur Maulana,140
Sari Nur Permata,141
Sari Nur Suryani,142
Sari Nur Wijaya,143
Sari Pratama Hakim,144
Sari Pratama Wibowo,145
Sari Putri Saputra,146
Sari Ramadhan Fitriani,147
Sari Syah Santoso,148
Zahra Adi Fitriani,149
Zahra Atta Hakim,150
Zahra Atta Maulana,151
Zahra Ayu Suryani,152
Zahra Ayu Wijaya,153
Zahra Nur Fitriani,154
Zahra Putra Santoso,155
